{
    "AOs": [
        {
            "hudRect": {
                "h": 74.0,
                "w": 135.0,
                "x": 886.0,
                "y": 19.0
            },
            "isEditLabel": false,
            "isShowMenu": false,
            "label": "AO_1",
            "labelRect": {
                "h": 25.0,
                "w": 100.0,
                "x": 730.0,
                "y": 135.0
            },
            "output": 0.0,
            "targetHoverType": 2,
            "targetRect": {
                "h": 30.0,
                "w": 30.0,
                "x": 718.0,
                "y": 101.0
            },
            "typeId": 5,
            "value": 0
        },
        {
            "hudRect": {
                "h": 74.0,
                "w": 136.0,
                "x": 884.0,
                "y": 98.0
            },
            "isEditLabel": false,
            "isShowMenu": false,
            "label": "AO_2",
            "labelRect": {
                "h": 25.0,
                "w": 100.0,
                "x": 802.0,
                "y": 137.0
            },
            "output": 0.0,
            "targetHoverType": 2,
            "targetRect": {
                "h": 30.0,
                "w": 30.0,
                "x": 790.0,
                "y": 100.0
            },
            "typeId": 5,
            "value": 0
        }
    ],
    "COMs": [
        {
            "hudRect": {
                "h": 286.0,
                "w": 170.0,
                "x": 295.0,
                "y": 378.0
            },
            "isEditLabel": false,
            "isShowMenu": false,
            "label": "RS-485_COM1",
            "labelRect": {
                "h": 25.0,
                "w": 100.0,
                "x": 477.0,
                "y": 616.0
            },
            "periphPortNum": 0,
            "targetHoverType": 2,
            "targetRect": {
                "h": 29.0,
                "w": 29.0,
                "x": 468.0,
                "y": 645.0
            },
            "typeId": 4
        }
    ],
    "DOs": [
        {
            "hudRect": {
                "h": 77.0,
                "w": 138.0,
                "x": 308.0,
                "y": 18.0
            },
            "isEditLabel": false,
            "isShowMenu": false,
            "label": "DO_1",
            "labelRect": {
                "h": 25.0,
                "w": 100.0,
                "x": 443.0,
                "y": 135.0
            },
            "targetHoverType": 2,
            "targetRect": {
                "h": 30.0,
                "w": 30.0,
                "x": 431.0,
                "y": 100.0
            },
            "typeId": 6,
            "value": 0
        },
        {
            "hudRect": {
                "h": 77.0,
                "w": 138.0,
                "x": 449.0,
                "y": 18.0
            },
            "isEditLabel": false,
            "isShowMenu": false,
            "label": "DO_2",
            "labelRect": {
                "h": 25.0,
                "w": 100.0,
                "x": 515.0,
                "y": 134.0
            },
            "targetHoverType": 2,
            "targetRect": {
                "h": 30.0,
                "w": 30.0,
                "x": 503.0,
                "y": 101.0
            },
            "typeId": 6,
            "value": 0
        },
        {
            "hudRect": {
                "h": 77.0,
                "w": 138.0,
                "x": 592.0,
                "y": 18.0
            },
            "isEditLabel": false,
            "isShowMenu": false,
            "label": "DO_3",
            "labelRect": {
                "h": 25.0,
                "w": 100.0,
                "x": 589.0,
                "y": 139.0
            },
            "targetHoverType": 2,
            "targetRect": {
                "h": 30.0,
                "w": 30.0,
                "x": 574.0,
                "y": 101.0
            },
            "typeId": 6,
            "value": 0
        },
        {
            "hudRect": {
                "h": 77.0,
                "w": 138.0,
                "x": 738.0,
                "y": 18.0
            },
            "isEditLabel": false,
            "isShowMenu": false,
            "label": "DO_4",
            "labelRect": {
                "h": 25.0,
                "w": 100.0,
                "x": 660.0,
                "y": 137.0
            },
            "targetHoverType": 2,
            "targetRect": {
                "h": 30.0,
                "w": 30.0,
                "x": 646.0,
                "y": 101.0
            },
            "typeId": 6,
            "value": 0
        }
    ],
    "LEDs": [],
    "UIs": [
        {
            "hudRect": {
                "h": 132.0,
                "w": 175.0,
                "x": 30.0,
                "y": 666.0
            },
            "isEditLabel": false,
            "isShowMenu": false,
            "label": "UI_1",
            "labelRect": {
                "h": 25.0,
                "w": 100.0,
                "x": 619.0,
                "y": 617.0
            },
            "max": 1000,
            "min": 0,
            "mode": 0,
            "offset": 0,
            "rawVal": 0.0,
            "targetHoverType": 2,
            "targetRect": {
                "h": 30.0,
                "w": 30.0,
                "x": 611.0,
                "y": 645.0
            },
            "typeId": 3,
            "val": 0
        },
        {
            "hudRect": {
                "h": 130.0,
                "w": 173.0,
                "x": 208.0,
                "y": 666.0
            },
            "isEditLabel": false,
            "isShowMenu": false,
            "label": "UI_2",
            "labelRect": {
                "h": 25.0,
                "w": 100.0,
                "x": 662.0,
                "y": 618.0
            },
            "max": 1000,
            "min": 0,
            "mode": 0,
            "offset": 0,
            "rawVal": 0.0,
            "targetHoverType": 2,
            "targetRect": {
                "h": 30.0,
                "w": 30.0,
                "x": 646.0,
                "y": 645.0
            },
            "typeId": 3,
            "val": 0
        },
        {
            "hudRect": {
                "h": 130.0,
                "w": 172.0,
                "x": 383.0,
                "y": 666.0
            },
            "isEditLabel": false,
            "isShowMenu": false,
            "label": "UI_3",
            "labelRect": {
                "h": 25.0,
                "w": 100.0,
                "x": 696.0,
                "y": 616.0
            },
            "max": 1000,
            "min": 0,
            "mode": 0,
            "offset": 0,
            "rawVal": 0.0,
            "targetHoverType": 2,
            "targetRect": {
                "h": 30.0,
                "w": 30.0,
                "x": 682.0,
                "y": 644.0
            },
            "typeId": 3,
            "val": 0
        },
        {
            "hudRect": {
                "h": 130.0,
                "w": 171.0,
                "x": 557.0,
                "y": 667.0
            },
            "isEditLabel": false,
            "isShowMenu": false,
            "label": "UI_4",
            "labelRect": {
                "h": 25.0,
                "w": 100.0,
                "x": 732.0,
                "y": 617.0
            },
            "max": 1000,
            "min": 0,
            "mode": 0,
            "offset": 0,
            "rawVal": 0.0,
            "targetHoverType": 2,
            "targetRect": {
                "h": 30.0,
                "w": 30.0,
                "x": 718.0,
                "y": 645.0
            },
            "typeId": 3,
            "val": 0
        },
        {
            "hudRect": {
                "h": 130.0,
                "w": 174.0,
                "x": 730.0,
                "y": 667.0
            },
            "isEditLabel": false,
            "isShowMenu": false,
            "label": "UI_5",
            "labelRect": {
                "h": 25.0,
                "w": 100.0,
                "x": 766.0,
                "y": 616.0
            },
            "max": 1000,
            "min": 0,
            "mode": 0,
            "offset": 0,
            "rawVal": 0.0,
            "targetHoverType": 2,
            "targetRect": {
                "h": 30.0,
                "w": 30.0,
                "x": 753.0,
                "y": 645.0
            },
            "typeId": 3,
            "val": 0
        },
        {
            "hudRect": {
                "h": 130.0,
                "w": 174.0,
                "x": 905.0,
                "y": 667.0
            },
            "isEditLabel": false,
            "isShowMenu": false,
            "label": "UI_6",
            "labelRect": {
                "h": 25.0,
                "w": 100.0,
                "x": 801.0,
                "y": 619.0
            },
            "max": 1000,
            "min": 0,
            "mode": 0,
            "offset": 0,
            "rawVal": 0.0,
            "targetHoverType": 2,
            "targetRect": {
                "h": 30.0,
                "w": 30.0,
                "x": 790.0,
                "y": 645.0
            },
            "typeId": 3,
            "val": 0
        },
        {
            "hudRect": {
                "h": 132.0,
                "w": 176.0,
                "x": 1082.0,
                "y": 667.0
            },
            "isEditLabel": false,
            "isShowMenu": false,
            "label": "UI_7",
            "labelRect": {
                "h": 25.0,
                "w": 100.0,
                "x": 839.0,
                "y": 615.0
            },
            "max": 1000,
            "min": 0,
            "mode": 0,
            "offset": 0,
            "rawVal": 0.0,
            "targetHoverType": 2,
            "targetRect": {
                "h": 30.0,
                "w": 30.0,
                "x": 826.0,
                "y": 645.0
            },
            "typeId": 3,
            "val": 0
        }
    ],
    "buttons": [
        {
            "buttonId": 5,
            "hudRect": {
                "h": 0.0,
                "w": 0.0,
                "x": 0.0,
                "y": 0.0
            },
            "isEditLabel": false,
            "isShowMenu": false,
            "label": "BUTTON ENTER",
            "labelRect": {
                "h": 26.0,
                "w": 100.0,
                "x": 828.0,
                "y": 383.0
            },
            "targetHoverType": 2,
            "targetRect": {
                "h": 53.0,
                "w": 53.0,
                "x": 843.0,
                "y": 326.0
            },
            "typeId": 2
        },
        {
            "buttonId": 4,
            "hudRect": {
                "h": 0.0,
                "w": 0.0,
                "x": 0.0,
                "y": 0.0
            },
            "isEditLabel": false,
            "isShowMenu": false,
            "label": "BUTTON ESC",
            "labelRect": {
                "h": 25.0,
                "w": 100.0,
                "x": 823.0,
                "y": 219.0
            },
            "targetHoverType": 2,
            "targetRect": {
                "h": 53.0,
                "w": 53.0,
                "x": 843.0,
                "y": 255.0
            },
            "typeId": 2
        },
        {
            "buttonId": 3,
            "hudRect": {
                "h": 0.0,
                "w": 0.0,
                "x": 0.0,
                "y": 0.0
            },
            "isEditLabel": false,
            "isShowMenu": false,
            "label": "BUTTON UP",
            "labelRect": {
                "h": 25.0,
                "w": 100.0,
                "x": 701.0,
                "y": 225.0
            },
            "targetHoverType": 2,
            "targetRect": {
                "h": 53.0,
                "w": 53.0,
                "x": 772.0,
                "y": 255.0
            },
            "typeId": 2
        },
        {
            "buttonId": 2,
            "hudRect": {
                "h": 0.0,
                "w": 0.0,
                "x": 0.0,
                "y": 0.0
            },
            "isEditLabel": false,
            "isShowMenu": false,
            "label": "BUTTON DOWN",
            "labelRect": {
                "h": 25.0,
                "w": 100.0,
                "x": 797.0,
                "y": 383.0
            },
            "targetHoverType": 2,
            "targetRect": {
                "h": 53.0,
                "w": 53.0,
                "x": 772.0,
                "y": 326.0
            },
            "typeId": 2
        },
        {
            "buttonId": 0,
            "hudRect": {
                "h": 0.0,
                "w": 0.0,
                "x": 0.0,
                "y": 0.0
            },
            "isEditLabel": false,
            "isShowMenu": false,
            "label": "BUTTON LEFT",
            "labelRect": {
                "h": 25.0,
                "w": 100.0,
                "x": 812.0,
                "y": 437.0
            },
            "targetHoverType": 2,
            "targetRect": {
                "h": 53.0,
                "w": 53.0,
                "x": 772.0,
                "y": 397.0
            },
            "typeId": 2
        },
        {
            "buttonId": 1,
            "hudRect": {
                "h": 0.0,
                "w": 0.0,
                "x": 0.0,
                "y": 0.0
            },
            "isEditLabel": false,
            "isShowMenu": false,
            "label": "BUTTON RIGHT",
            "labelRect": {
                "h": 25.0,
                "w": 100.0,
                "x": 812.0,
                "y": 509.0
            },
            "targetHoverType": 2,
            "targetRect": {
                "h": 53.0,
                "w": 53.0,
                "x": 772.0,
                "y": 469.0
            },
            "typeId": 2
        }
    ],
    "deviceName": "M72MD13R",
    "displays": [
        {
            "height": 128,
            "hudRect": {
                "h": 0.0,
                "w": 0.0,
                "x": 0.0,
                "y": 0.0
            },
            "isEditLabel": false,
            "isShowMenu": false,
            "label": "",
            "labelRect": {
                "h": 0.0,
                "w": 0.0,
                "x": 0.0,
                "y": 0.0
            },
            "targetHoverType": 1,
            "targetRect": {
                "h": 200.0,
                "w": 250.0,
                "x": 471.0,
                "y": 289.0
            },
            "typeId": 8,
            "width": 160
        }
    ],
    "globVarsFavs": [],
    "images": [
        {
            "hudRect": {
                "h": 0.0,
                "w": 0.0,
                "x": 0.0,
                "y": 0.0
            },
            "imgPath": "M72MD13R.png",
            "isEditLabel": false,
            "isShowMenu": false,
            "label": "",
            "labelRect": {
                "h": 0.0,
                "w": 0.0,
                "x": 0.0,
                "y": 0.0
            },
            "targetHoverType": 0,
            "targetRect": {
                "h": 711.0,
                "w": 711.0,
                "x": 284.5,
                "y": 44.5
            },
            "typeId": 1
        }
    ],
    "globVarsWin": {
        "h": 500.0,
        "w": 380.0,
        "x": 895.0,
        "y": 100.0
    },
	"isShowUiWin": false,
    "mbRegsFavs": [],
    "mbRegsWin": {
        "h": 600.0,
        "w": 480.0,
        "x": 5.0,
        "y": 5.0
    },
    "remoteModulesWin": {
        "h": 310.0,
        "w": 250.0,
        "x": 1025.0,
        "y": 725.0
    },
    "simVisableDbgWins": 0,
    "uiWin": {
        "h": 450.0,
        "w": 380.0,
        "x": 5.0,
        "y": 345.0
    }
}