{
    "AOs": [
        {
            "hudRect": {
                "h": 74.0,
                "w": 133.0,
                "x": 947.0,
                "y": 538.0
            },
            "isEditLabel": false,
            "isShowMenu": false,
            "label": "AO_1",
            "labelRect": {
                "h": 25.0,
                "w": 100.0,
                "x": 815.0,
                "y": 622.0
            },
            "output": 0.0,
            "targetHoverType": 2,
            "targetRect": {
                "h": 30.0,
                "w": 30.0,
                "x": 846.0,
                "y": 651.0
            },
            "typeId": 5,
            "value": 0
        },
        {
            "hudRect": {
                "h": 73.0,
                "w": 132.0,
                "x": 954.0,
                "y": 615.0
            },
            "isEditLabel": false,
            "isShowMenu": false,
            "label": "AO_2",
            "labelRect": {
                "h": 25.0,
                "w": 100.0,
                "x": 854.0,
                "y": 622.0
            },
            "output": 0.0,
            "targetHoverType": 2,
            "targetRect": {
                "h": 30.0,
                "w": 30.0,
                "x": 881.0,
                "y": 651.0
            },
            "typeId": 5,
            "value": 0
        },
        {
            "hudRect": {
                "h": 76.0,
                "w": 131.0,
                "x": 975.0,
                "y": 693.0
            },
            "isEditLabel": false,
            "isShowMenu": false,
            "label": "AO_3",
            "labelRect": {
                "h": 25.0,
                "w": 100.0,
                "x": 883.0,
                "y": 624.0
            },
            "output": 0.0,
            "targetHoverType": 2,
            "targetRect": {
                "h": 30.0,
                "w": 30.0,
                "x": 916.0,
                "y": 651.0
            },
            "typeId": 5,
            "value": 0
        }
    ],
    "COMs": [
        {
            "hudRect": {
                "h": 286.0,
                "w": 170.0,
                "x": 322.0,
                "y": 245.0
            },
            "isEditLabel": false,
            "isShowMenu": false,
            "label": "RS-485_COM1",
            "labelRect": {
                "h": 25.0,
                "w": 100.0,
                "x": 334.0,
                "y": 150.0
            },
            "periphPortNum": 0,
            "targetHoverType": 2,
            "targetRect": {
                "h": 29.0,
                "w": 29.0,
                "x": 334.0,
                "y": 118.0
            },
            "typeId": 4
        },
        {
            "hudRect": {
                "h": 287.0,
                "w": 169.0,
                "x": 497.0,
                "y": 245.0
            },
            "isEditLabel": false,
            "isShowMenu": false,
            "label": "RS-485_COM2",
            "labelRect": {
                "h": 25.0,
                "w": 100.0,
                "x": 417.0,
                "y": 153.0
            },
            "periphPortNum": 1,
            "targetHoverType": 2,
            "targetRect": {
                "h": 30.0,
                "w": 30.0,
                "x": 404.0,
                "y": 117.0
            },
            "typeId": 4
        }
    ],
    "DOs": [
        {
            "hudRect": {
                "h": 77.0,
                "w": 138.0,
                "x": 125.0,
                "y": 690.0
            },
            "isEditLabel": false,
            "isShowMenu": false,
            "label": "DO_1",
            "labelRect": {
                "h": 25.0,
                "w": 100.0,
                "x": 331.0,
                "y": 623.0
            },
            "targetHoverType": 2,
            "targetRect": {
                "h": 30.0,
                "w": 30.0,
                "x": 369.0,
                "y": 651.0
            },
            "typeId": 6,
            "value": 0
        },
        {
            "hudRect": {
                "h": 77.0,
                "w": 138.0,
                "x": 269.0,
                "y": 690.0
            },
            "isEditLabel": false,
            "isShowMenu": false,
            "label": "DO_2",
            "labelRect": {
                "h": 25.0,
                "w": 100.0,
                "x": 411.0,
                "y": 622.0
            },
            "targetHoverType": 2,
            "targetRect": {
                "h": 30.0,
                "w": 30.0,
                "x": 440.0,
                "y": 651.0
            },
            "typeId": 6,
            "value": 0
        },
        {
            "hudRect": {
                "h": 77.0,
                "w": 138.0,
                "x": 410.0,
                "y": 690.0
            },
            "isEditLabel": false,
            "isShowMenu": false,
            "label": "DO_3",
            "labelRect": {
                "h": 25.0,
                "w": 100.0,
                "x": 481.0,
                "y": 622.0
            },
            "targetHoverType": 2,
            "targetRect": {
                "h": 30.0,
                "w": 30.0,
                "x": 510.0,
                "y": 650.0
            },
            "typeId": 6,
            "value": 0
        },
        {
            "hudRect": {
                "h": 77.0,
                "w": 138.0,
                "x": 550.0,
                "y": 690.0
            },
            "isEditLabel": false,
            "isShowMenu": false,
            "label": "DO_4",
            "labelRect": {
                "h": 25.0,
                "w": 100.0,
                "x": 553.0,
                "y": 620.0
            },
            "targetHoverType": 2,
            "targetRect": {
                "h": 30.0,
                "w": 30.0,
                "x": 578.0,
                "y": 652.0
            },
            "typeId": 6,
            "value": 0
        },
        {
            "hudRect": {
                "h": 77.0,
                "w": 138.0,
                "x": 692.0,
                "y": 692.0
            },
            "isEditLabel": false,
            "isShowMenu": false,
            "label": "DO_5",
            "labelRect": {
                "h": 25.0,
                "w": 100.0,
                "x": 678.0,
                "y": 624.0
            },
            "targetHoverType": 2,
            "targetRect": {
                "h": 30.0,
                "w": 30.0,
                "x": 706.0,
                "y": 650.0
            },
            "typeId": 6,
            "value": 0
        },
        {
            "hudRect": {
                "h": 77.0,
                "w": 138.0,
                "x": 835.0,
                "y": 692.0
            },
            "isEditLabel": false,
            "isShowMenu": false,
            "label": "DO_6",
            "labelRect": {
                "h": 25.0,
                "w": 100.0,
                "x": 746.0,
                "y": 622.0
            },
            "targetHoverType": 2,
            "targetRect": {
                "h": 30.0,
                "w": 30.0,
                "x": 776.0,
                "y": 650.0
            },
            "typeId": 6,
            "value": 0
        }
    ],
    "LEDs": [
        {
            "colorOff": {
                "h": 0.800000011920929,
                "w": 0.0,
                "x": 0.04621848464012146,
                "y": 0.25
            },
            "colorOn": {
                "h": 0.800000011920929,
                "w": 0.0,
                "x": 0.18487393856048584,
                "y": 1.0
            },
            "hudRect": {
                "h": 77.0,
                "w": 160.0,
                "x": 692.0,
                "y": 273.0
            },
            "isEditLabel": false,
            "isShowMenu": false,
            "label": "LED GREEN (LED_1)",
            "labelRect": {
                "h": 25.0,
                "w": 128.0,
                "x": 889.0,
                "y": 322.0
            },
            "targetHoverType": 2,
            "targetRect": {
                "h": 30.0,
                "w": 30.0,
                "x": 859.0,
                "y": 345.0
            },
            "typeId": 7,
            "value": 0
        },
        {
            "colorOff": {
                "h": 0.800000011920929,
                "w": 0.0,
                "x": 0.25,
                "y": 0.0
            },
            "colorOn": {
                "h": 0.800000011920929,
                "w": 0.0,
                "x": 1.0,
                "y": 0.0
            },
            "hudRect": {
                "h": 77.0,
                "w": 159.0,
                "x": 693.0,
                "y": 353.0
            },
            "isEditLabel": false,
            "isShowMenu": false,
            "label": "LED RED (LED_2)",
            "labelRect": {
                "h": 25.0,
                "w": 120.0,
                "x": 889.0,
                "y": 357.0
            },
            "targetHoverType": 2,
            "targetRect": {
                "h": 30.0,
                "w": 30.0,
                "x": 860.0,
                "y": 380.0
            },
            "typeId": 7,
            "value": 0
        },
        {
            "colorOff": {
                "h": 0.800000011920929,
                "w": 0.0,
                "x": 0.24789917469024658,
                "y": 0.25
            },
            "colorOn": {
                "h": 0.800000011920929,
                "w": 0.0,
                "x": 1.0,
                "y": 0.8067227005958557
            },
            "hudRect": {
                "h": 77.0,
                "w": 159.0,
                "x": 693.0,
                "y": 433.0
            },
            "isEditLabel": false,
            "isShowMenu": false,
            "label": "LED YELLOW (LED_3)",
            "labelRect": {
                "h": 25.0,
                "w": 133.0,
                "x": 889.0,
                "y": 396.0
            },
            "targetHoverType": 2,
            "targetRect": {
                "h": 30.0,
                "w": 30.0,
                "x": 859.0,
                "y": 417.0
            },
            "typeId": 7,
            "value": 0
        }
    ],
    "UIs": [
        {
            "hudRect": {
                "h": 132.0,
                "w": 175.0,
                "x": 324.0,
                "y": -6.0
            },
            "isEditLabel": false,
            "isShowMenu": false,
            "label": "UI_1",
            "labelRect": {
                "h": 25.0,
                "w": 100.0,
                "x": 442.0,
                "y": 153.0
            },
            "max": 4095,
            "min": 0,
            "mode": 0,
            "offset": 0,
            "rawVal": 0.0,
            "targetHoverType": 2,
            "targetRect": {
                "h": 30.0,
                "w": 30.0,
                "x": 474.0,
                "y": 117.0
            },
            "typeId": 3,
            "val": 0
        },
        {
            "hudRect": {
                "h": 130.0,
                "w": 173.0,
                "x": 387.0,
                "y": 0.0
            },
            "isEditLabel": false,
            "isShowMenu": false,
            "label": "UI_2",
            "labelRect": {
                "h": 25.0,
                "w": 100.0,
                "x": 493.0,
                "y": 153.0
            },
            "max": 4095,
            "min": 0,
            "mode": 0,
            "offset": 0,
            "rawVal": 0.0,
            "targetHoverType": 2,
            "targetRect": {
                "h": 30.0,
                "w": 30.0,
                "x": 509.0,
                "y": 116.0
            },
            "typeId": 3,
            "val": 0
        },
        {
            "hudRect": {
                "h": 130.0,
                "w": 172.0,
                "x": 449.0,
                "y": -2.0
            },
            "isEditLabel": false,
            "isShowMenu": false,
            "label": "UI_3",
            "labelRect": {
                "h": 25.0,
                "w": 100.0,
                "x": 518.0,
                "y": 152.0
            },
            "max": 4095,
            "min": 0,
            "mode": 0,
            "offset": 0,
            "rawVal": 0.0,
            "targetHoverType": 2,
            "targetRect": {
                "h": 30.0,
                "w": 30.0,
                "x": 544.0,
                "y": 116.0
            },
            "typeId": 3,
            "val": 0
        },
        {
            "hudRect": {
                "h": 130.0,
                "w": 171.0,
                "x": 519.0,
                "y": -1.0
            },
            "isEditLabel": false,
            "isShowMenu": false,
            "label": "UI_4",
            "labelRect": {
                "h": 25.0,
                "w": 100.0,
                "x": 558.0,
                "y": 153.0
            },
            "max": 4095,
            "min": 0,
            "mode": 0,
            "offset": 0,
            "rawVal": 0.0,
            "targetHoverType": 2,
            "targetRect": {
                "h": 30.0,
                "w": 30.0,
                "x": 579.0,
                "y": 116.0
            },
            "typeId": 3,
            "val": 0
        },
        {
            "hudRect": {
                "h": 130.0,
                "w": 174.0,
                "x": 590.0,
                "y": 1.0
            },
            "isEditLabel": false,
            "isShowMenu": false,
            "label": "UI_5",
            "labelRect": {
                "h": 25.0,
                "w": 100.0,
                "x": 639.0,
                "y": 150.0
            },
            "max": 4095,
            "min": 0,
            "mode": 0,
            "offset": 0,
            "rawVal": 0.0,
            "targetHoverType": 2,
            "targetRect": {
                "h": 30.0,
                "w": 30.0,
                "x": 670.0,
                "y": 116.0
            },
            "typeId": 3,
            "val": 0
        },
        {
            "hudRect": {
                "h": 130.0,
                "w": 174.0,
                "x": 655.0,
                "y": 1.0
            },
            "isEditLabel": false,
            "isShowMenu": false,
            "label": "UI_6",
            "labelRect": {
                "h": 25.0,
                "w": 100.0,
                "x": 678.0,
                "y": 150.0
            },
            "max": 4095,
            "min": 0,
            "mode": 0,
            "offset": 0,
            "rawVal": 0.0,
            "targetHoverType": 2,
            "targetRect": {
                "h": 30.0,
                "w": 30.0,
                "x": 705.0,
                "y": 117.0
            },
            "typeId": 3,
            "val": 0
        },
        {
            "hudRect": {
                "h": 132.0,
                "w": 176.0,
                "x": 710.0,
                "y": 1.0
            },
            "isEditLabel": false,
            "isShowMenu": false,
            "label": "UI_7",
            "labelRect": {
                "h": 25.0,
                "w": 100.0,
                "x": 727.0,
                "y": 155.0
            },
            "max": 4095,
            "min": 0,
            "mode": 0,
            "offset": 0,
            "rawVal": 0.0,
            "targetHoverType": 2,
            "targetRect": {
                "h": 30.0,
                "w": 30.0,
                "x": 741.0,
                "y": 118.0
            },
            "typeId": 3,
            "val": 0
        },
        {
            "hudRect": {
                "h": 131.0,
                "w": 173.0,
                "x": 754.0,
                "y": 1.0
            },
            "isEditLabel": false,
            "isShowMenu": false,
            "label": "UI_8",
            "labelRect": {
                "h": 25.0,
                "w": 100.0,
                "x": 760.0,
                "y": 152.0
            },
            "max": 4095,
            "min": 0,
            "mode": 0,
            "offset": 0,
            "rawVal": 0.0,
            "targetHoverType": 2,
            "targetRect": {
                "h": 30.0,
                "w": 30.0,
                "x": 775.0,
                "y": 117.0
            },
            "typeId": 3,
            "val": 0
        },
        {
            "hudRect": {
                "h": 131.0,
                "w": 172.0,
                "x": 800.0,
                "y": 2.0
            },
            "isEditLabel": false,
            "isShowMenu": false,
            "label": "UI_9",
            "labelRect": {
                "h": 25.0,
                "w": 100.0,
                "x": 786.0,
                "y": 153.0
            },
            "max": 4095,
            "min": 0,
            "mode": 0,
            "offset": 0,
            "rawVal": 0.0,
            "targetHoverType": 2,
            "targetRect": {
                "h": 30.0,
                "w": 30.0,
                "x": 810.0,
                "y": 117.0
            },
            "typeId": 3,
            "val": 0
        },
        {
            "hudRect": {
                "h": 129.0,
                "w": 170.0,
                "x": 848.0,
                "y": 3.0
            },
            "isEditLabel": false,
            "isShowMenu": false,
            "label": "UI_10",
            "labelRect": {
                "h": 25.0,
                "w": 100.0,
                "x": 827.0,
                "y": 153.0
            },
            "max": 4095,
            "min": 0,
            "mode": 0,
            "offset": 0,
            "rawVal": 0.0,
            "targetHoverType": 2,
            "targetRect": {
                "h": 30.0,
                "w": 30.0,
                "x": 846.0,
                "y": 117.0
            },
            "typeId": 3,
            "val": 0
        },
        {
            "hudRect": {
                "h": 132.0,
                "w": 172.0,
                "x": 902.0,
                "y": 1.0
            },
            "isEditLabel": false,
            "isShowMenu": false,
            "label": "UI_11",
            "labelRect": {
                "h": 25.0,
                "w": 100.0,
                "x": 860.0,
                "y": 151.0
            },
            "max": 4095,
            "min": 0,
            "mode": 0,
            "offset": 0,
            "rawVal": 0.0,
            "targetHoverType": 2,
            "targetRect": {
                "h": 30.0,
                "w": 30.0,
                "x": 880.0,
                "y": 117.0
            },
            "typeId": 3,
            "val": 0
        }
    ],
    "buttons": [
        {
            "buttonId": 5,
            "hudRect": {
                "h": 0.0,
                "w": 0.0,
                "x": 0.0,
                "y": 0.0
            },
            "isEditLabel": false,
            "isShowMenu": false,
            "label": "BUTTON ENTER",
            "labelRect": {
                "h": 26.0,
                "w": 100.0,
                "x": 887.0,
                "y": 492.0
            },
            "targetHoverType": 2,
            "targetRect": {
                "h": 40.0,
                "w": 40.0,
                "x": 855.0,
                "y": 451.0
            },
            "typeId": 2
        }
    ],
    "deviceName": "M72OB20R",
    "displays": [],
    "globVarsFavs": [],
    "images": [
        {
            "hudRect": {
                "h": 0.0,
                "w": 0.0,
                "x": 0.0,
                "y": 0.0
            },
            "imgPath": "M72OB20R.png",
            "isEditLabel": false,
            "isShowMenu": false,
            "label": "",
            "labelRect": {
                "h": 0.0,
                "w": 0.0,
                "x": 0.0,
                "y": 0.0
            },
            "targetHoverType": 0,
            "targetRect": {
                "h": 745.0,
                "w": 745.0,
                "x": 267.5,
                "y": 27.5
            },
            "typeId": 1
        }
    ],
    "globVarsWin": {
        "h": 500.0,
        "w": 380.0,
        "x": 895.0,
        "y": 100.0
    },
	"isShowUiWin": false,
    "mbRegsFavs": [],
    "mbRegsWin": {
        "h": 600.0,
        "w": 480.0,
        "x": 5.0,
        "y": 5.0
    },
    "remoteModulesWin": {
        "h": 310.0,
        "w": 250.0,
        "x": 1025.0,
        "y": 725.0
    },
    "simVisableDbgWins": 0,
    "uiWin": {
        "h": 450.0,
        "w": 380.0,
        "x": 5.0,
        "y": 345.0
    }
}