{
	"devName": "M72OD20R",
	"devManId": 0,
	"frameWorkVerA": 0,
	"frameWorkVerB": 107,
	"description": "M72OD20R - Optimized",
	"frameworkSize": 78336,
	"periphInfo": {
		"isDesktop": false,
		"isResourcesInternal": false,
		"aoCount": 3,
		"relayCount": 6,
		"uiCount": 11,
		"flashSize": 262144,
		"ramSize": 65536,
		"flashPageSize": 256
	},
	"triplet": "thumbv7m-none-none-eabi",
	"runtime": "clang_rt.builtins-armv7m",
	"stdlib": "armv7m/std/picolib",
	"includePaths": [],
	"stdlibs": [
		"-lc",
		"-lm",
		"-nostdlib"
	]
}