{
	"devName": "M72MD13R",
	"devManId": 1,
	"frameWorkVerA": 0,
	"frameWorkVerB": 109,
	"description": "M72MD13R - Mini",
	"frameworkSize": 78336,
	"periphInfo": {
		"isDesktop": false,
		"isResourcesInternal": false,
		"aoCount": 2,
		"uartCount": 1,
		"relayCount": 4,
		"uiCount": 7,
		"flashSize": 262144,
		"ramSize": 65536,
		"flashPageSize": 256
	},
	"triplet": "thumbv7m-none-none-eabi",
	"runtime": "clang_rt.builtins-armv7m",
	"stdlib": "armv7m/std/picolib",
	"includePaths": [],
	"stdlibs": [
		"-lc",
		"-lm",
		"-nostdlib"
	]
}