{ 	
	"description":"M72OB20R - Blind","devManId":2,"devName":"M72OB20R","frameWorkVerA":0,"frameWorkVerB":100,"frameworkSize":72192,
	"periphInfo":{
		"isDesktop" : false, "isResourcesInternal" : false,
		"aoCount":3,"relayCount":6,"uartCount":2,"uiCount":11, "flashSize":262144, "ramSize":65536, "flashPageSize":256
	},
	"triplet":"thumbv7m-none-none-eabi",
	"runtime": "clang_rt.builtins-armv7m", 
	"stdlib": "armv7m/std/picolib",
	"includePaths": [
	],
	"stdlibs": [
		"-lc",
        "-lm",
		"-nostdlib"
	]
}

